icon_path,kind,pack_code,pack_name,encounter_code,encounter_name,match,note
Chapter 01/00 - Core/0.svg,symbol,,,,,none,
Chapter 01/00 - Core/1.svg,symbol,,,,,none,
Chapter 01/00 - Core/2.svg,symbol,,,,,none,
Chapter 01/00 - Core/3.svg,symbol,,,,,none,
Chapter 01/00 - Core/4.svg,symbol,,,,,none,
Chapter 01/00 - Core/6.svg,symbol,,,,,none,
Chapter 01/00 - Core/7.svg,symbol,,,,,none,
Chapter 01/00 - Core/8.svg,symbol,,,,,none,
Chapter 01/00 - Core/9.svg,symbol,,,,,none,
Chapter 01/00 - Core/Bullet-point.svg,symbol,,,,,,
Chapter 01/00 - Core/Bullet-point-2.svg,symbol,,,,,,
Chapter 01/00 - Core/Class-Guardian.svg,symbol,,,,,none,
Chapter 01/00 - Core/Class-Mystic.svg,symbol,,,,,none,
Chapter 01/00 - Core/Class-Rogue.svg,symbol,,,,,none,
Chapter 01/00 - Core/Class-Seeker.svg,symbol,,,,,none,
Chapter 01/00 - Core/Class-Survivor.svg,symbol,,,,,none,
Chapter 01/00 - Core/Codex.svg,symbol,,,,,none,
Chapter 01/00 - Core/Core-Set.svg,box,core;rcore,Core Set;Revised Core Set,,,manual,
Chapter 01/00 - Core/Dash.svg,symbol,,,,,none,
Chapter 01/00 - Core/Epic-Multiplayer.svg,encounter_set,blob;lol;mtt,The Blob That Ate Everything;The Labyrinths of Lunacy;Machinations Through Time,epic_multiplayer;blob_epic_multiplayer;machinations_through_time_epic_multiplayer,Epic Multiplayer;Epic Multiplayer;Epic Multiplayer,manual,
Chapter 01/00 - Core/Investigator.svg,symbol,,,,,none,
Chapter 01/00 - Core/Novella.svg,box,books;hoth;tdor;iotv;tdg;tftbw;bob;dre,Books;Hour of the Huntress;The Dirge of Reason;Ire of the Void;The Deep Gate;To Fight the Black Wind;Blood of Baalshandor;Dark Revelations,,,manual,
Chapter 01/00 - Core/Parallel-Investigator.svg,box,otr;ptr;hfa;pap;aof,On the Road Again;Path of the Righteous;Hunting for Answers;Pistols and Pearls;Aura of Faith,,,manual,
Chapter 01/00 - Core/Seal-A.svg,symbol,,,,,none,
Chapter 01/00 - Core/Seal-B.svg,symbol,,,,,none,
Chapter 01/00 - Core/Seal-C.svg,symbol,,,,,none,
Chapter 01/00 - Core/Seal-D.svg,symbol,,,,,none,
Chapter 01/00 - Core/Seal-E.svg,symbol,,,,,none,
Chapter 01/00 - Core/Single-Group.svg,encounter_set,blob;lol;mtt,The Blob That Ate Everything;The Labyrinths of Lunacy;Machinations Through Time,single_group;blob_single_group;machinations_through_time_single_group,Single Group;Single Group;Single Group,manual,
Chapter 01/00 - Core/Skill-Agility.svg,symbol,,,,,none,
Chapter 01/00 - Core/Skill-Combat.svg,symbol,,,,,none,
Chapter 01/00 - Core/Skill-Intellect.svg,symbol,,,,,none,
Chapter 01/00 - Core/Skill-Wild.svg,symbol,,,,,none,
Chapter 01/00 - Core/Skill-Willpower.svg,symbol,,,,,none,
Chapter 01/00 - Core/Skull.svg,symbol,,,,,none,
Chapter 01/00 - Core/TDL-p4-group-3.svg,unmatched,,,,,none,layer-export name; identify visually
Chapter 01/00 - Core/Token-Autofail.svg,symbol,,,,,none,
Chapter 01/00 - Core/Token-Bless.svg,symbol,,,,,none,
Chapter 01/00 - Core/Token-Blood.svg,symbol,,,,,none,
Chapter 01/00 - Core/Token-Cultist.svg,symbol,,,,,none,
Chapter 01/00 - Core/Token-Curse.svg,symbol,,,,,none,
Chapter 01/00 - Core/Token-Elder Sign.svg,symbol,,,,,none,
Chapter 01/00 - Core/Token-Elder-Thing.svg,symbol,,,,,none,
Chapter 01/00 - Core/Token-Frost.svg,symbol,,,,,none,
Chapter 01/00 - Core/Token-Tablet.svg,symbol,,,,,none,
Chapter 01/00 - Core/Treachery.svg,symbol,,,,,none,
Chapter 01/00 - Core/Trigger-Action.svg,symbol,,,,,none,
Chapter 01/00 - Core/Trigger-Free.svg,symbol,,,,,none,
Chapter 01/00 - Core/Trigger-Reaction.svg,symbol,,,,,none,
Chapter 01/00 - Core/Unique.svg,symbol,,,,,none,
Chapter 01/01 - Night of the Zealot/NOTZ-Agents-of-Cthulhu.svg,encounter_set,core,Core Set,agents_of_cthulhu,Agents of Cthulhu,exact,
Chapter 01/01 - Night of the Zealot/NOTZ-Agents-of-Hastur.svg,encounter_set,core,Core Set,agents_of_hastur,Agents of Hastur,exact,
Chapter 01/01 - Night of the Zealot/NOTZ-Agents-of-Shub-Niggurath.svg,encounter_set,core,Core Set,agents_of_shub,Agents of Shub-Niggurath,exact,
Chapter 01/01 - Night of the Zealot/NOTZ-Agents-of-Yog-Sothoth.svg,encounter_set,core,Core Set,agents_of_yog,Agents of Yog-Sothoth,exact,
Chapter 01/01 - Night of the Zealot/NOTZ-Ancient-Evils.svg,encounter_set,core,Core Set,ancient_evils,Ancient Evils,exact,
Chapter 01/01 - Night of the Zealot/NOTZ-Chilling-Cold.svg,encounter_set,core,Core Set,chilling_cold,Chilling Cold,exact,
Chapter 01/01 - Night of the Zealot/NOTZ-Core-Set.svg,box,core;rcore,Core Set;Revised Core Set,,,manual,
Chapter 01/01 - Night of the Zealot/NOTZ-Cult-of-Umôrdhoth.svg,encounter_set,core,Core Set,cultists,Cult of Umôrdhoth,exact,
Chapter 01/01 - Night of the Zealot/NOTZ-Dark-Cult.svg,encounter_set,core,Core Set,pentagram,Dark Cult,exact,
Chapter 01/01 - Night of the Zealot/NOTZ-Ghouls.svg,encounter_set,core,Core Set,ghouls,Ghouls,exact,
Chapter 01/01 - Night of the Zealot/NOTZ-Locked-Doors.svg,encounter_set,core,Core Set,locked_doors,Locked Doors,exact,
Chapter 01/01 - Night of the Zealot/NOTZ-Nightgaunts.svg,encounter_set,core,Core Set,nightgaunts,Nightgaunts,exact,
Chapter 01/01 - Night of the Zealot/NOTZ-Rats.svg,encounter_set,core,Core Set,rats,Rats,exact,
Chapter 01/01 - Night of the Zealot/NOTZ-Striking-Fear.svg,encounter_set,core,Core Set,striking_fear,Striking Fear,exact,
Chapter 01/01 - Night of the Zealot/NOTZ-The-Devourer-Below.svg,encounter_set,core,Core Set,tentacles,The Devourer Below,exact,
Chapter 01/01 - Night of the Zealot/NOTZ-The-Gathering.svg,encounter_set,core,Core Set,torch,The Gathering,exact,
Chapter 01/01 - Night of the Zealot/NOTZ-The-Midnight-Masks.svg,encounter_set,core,Core Set,arkham,The Midnight Masks,exact,
Chapter 01/01r - Return to The Night of the Zealot/RTNOTZ-Cult-of-Umôrdhoth-(new).svg,encounter_set,rtnotz,Return to the Night of the Zealot,return_cult,Return Cult of Umôrdhoth,manual,
Chapter 01/01r - Return to The Night of the Zealot/RTNOTZ-Expansion.svg,box,rtnotz,Return to the Night of the Zealot,,,manual,
Chapter 01/01r - Return to The Night of the Zealot/RTNOTZ-Ghouls-of-Umôrdhoth.svg,encounter_set,rtnotz,Return to the Night of the Zealot,ghouls_of_umôrdhoth,Ghouls of Umôrdhoth,exact,
Chapter 01/01r - Return to The Night of the Zealot/RTNOTZ-Return-to-The-Devourer-Below.svg,encounter_set,rtnotz,Return to the Night of the Zealot,return_to_the_devourer_below,Return to the Devourer Below,exact,
Chapter 01/01r - Return to The Night of the Zealot/RTNOTZ-Return-to-The-Gathering.svg,encounter_set,rtnotz,Return to the Night of the Zealot,return_to_the_gathering,Return to the Gathering,exact,
Chapter 01/01r - Return to The Night of the Zealot/RTNOTZ-Return-to-The-Midnight-Masks.svg,encounter_set,rtnotz,Return to the Night of the Zealot,return_to_the_midnight_masks,Return to the Midnight Masks,exact,
Chapter 01/01r - Return to The Night of the Zealot/RTNOTZ-The-Devourer’s-Cult.svg,encounter_set,rtnotz,Return to the Night of the Zealot,the_devourers_cult,The Devourers Cult,exact,
Chapter 01/02 - The Dunwich Legacy/DWL-Armitage’s-Fate.svg,encounter_set,dwl,The Dunwich Legacy,armitages_fate,Armitage's Fate,exact,
Chapter 01/02 - The Dunwich Legacy/DWL-Bad-Luck.svg,encounter_set,dwl,The Dunwich Legacy,bad_luck,Bad Luck,exact,
Chapter 01/02 - The Dunwich Legacy/DWL-Beast-thralls.svg,encounter_set,dwl,The Dunwich Legacy,beast_thralls,Beast Thralls,exact,
Chapter 01/02 - The Dunwich Legacy/DWL-Bishop’s-Thralls.svg,encounter_set,dwl,The Dunwich Legacy,bishops_thralls,Bishop's Thralls,exact,
Chapter 01/02 - The Dunwich Legacy/DWL-Blood-on-the-Altar.svg,pack,bota,Blood on the Altar,blood_on_the_altar,Blood on the Altar,exact,
Chapter 01/02 - The Dunwich Legacy/DWL-Dunwich.svg,encounter_set,dwl,The Dunwich Legacy,dunwich,Dunwich,exact,
Chapter 01/02 - The Dunwich Legacy/DWL-Expansion.svg,box,dwl;dwlp;dwlc,The Dunwich Legacy;The Dunwich Legacy Investigator Expansion;The Dunwich Legacy Campaign Expansion,,,manual,
Chapter 01/02 - The Dunwich Legacy/DWL-Extracurricular-Activity.svg,encounter_set,dwl,The Dunwich Legacy,extracurricular_activity,Extracurricular Activity,exact,
Chapter 01/02 - The Dunwich Legacy/DWL-Hideous-Abominations.svg,encounter_set,dwl,The Dunwich Legacy,hideous_abominations,Hideous Abominations,exact,
Chapter 01/02 - The Dunwich Legacy/DWL-Lost-in-Time-and-Space.svg,pack,litas,Lost in Time and Space,lost_in_time_and_space,Lost in Time and Space,exact,
Chapter 01/02 - The Dunwich Legacy/DWL-Naomi’s-Crew.svg,encounter_set,dwl,The Dunwich Legacy,naomis_crew,Naomi's Crew,exact,
Chapter 01/02 - The Dunwich Legacy/DWL-Sorcery.svg,encounter_set,dwl,The Dunwich Legacy,sorcery,Sorcery,exact,
Chapter 01/02 - The Dunwich Legacy/DWL-The-Beyond.svg,encounter_set,dwl,The Dunwich Legacy,the_beyond,The Beyond,exact,
Chapter 01/02 - The Dunwich Legacy/DWL-The-Essex-County-Express.svg,pack,tece,The Essex County Express,essex_county_express,The Essex County Express,exact,
Chapter 01/02 - The Dunwich Legacy/DWL-The-House-Always-Wins.svg,encounter_set,dwl,The Dunwich Legacy,the_house_always_wins,The House Always Wins,exact,
Chapter 01/02 - The Dunwich Legacy/DWL-The-Miskatonic-Museum.svg,pack,tmm,The Miskatonic Museum,the_miskatonic_museum,The Miskatonic Museum,exact,
Chapter 01/02 - The Dunwich Legacy/DWL-Undimensioned-and-Unseen.svg,pack,uau,Undimensioned and Unseen,undimensioned_and_unseen,Undimensioned and Unseen,exact,
Chapter 01/02 - The Dunwich Legacy/DWL-Where-Doom-Awaits.svg,pack,wda,Where Doom Awaits,where_doom_awaits,Where Doom Awaits,exact,
Chapter 01/02 - The Dunwich Legacy/DWL-Whippoorwills.svg,encounter_set,dwl,The Dunwich Legacy,whippoorwills,Whippoorwills,exact,
Chapter 01/02r - Return to Dunwich Legacy/RTDWL-Beyond-the-Threshold.svg,encounter_set,rtdwl,Return to the Dunwich Legacy,beyond_the_threshold,Beyond the Threshold,exact,
Chapter 01/02r - Return to Dunwich Legacy/RTDWL-Creeping-Cold.svg,encounter_set,rtdwl,Return to the Dunwich Legacy,creeping_cold,Creeping Cold,exact,
Chapter 01/02r - Return to Dunwich Legacy/RTDWL-Erratic-Fear.svg,encounter_set,rtdwl,Return to the Dunwich Legacy,erratic_fear,Erratic Fear,exact,
Chapter 01/02r - Return to Dunwich Legacy/RTDWL-Expansion.svg,box,rtdwl,Return to the Dunwich Legacy,,,manual,
Chapter 01/02r - Return to Dunwich Legacy/RTDWL-Resurgent-Evils.svg,encounter_set,rtdwl,Return to the Dunwich Legacy,resurgent_evils,Resurgent Evils,exact,
Chapter 01/02r - Return to Dunwich Legacy/RTDWL-Return-to-Blood-on-the-Altar.svg,encounter_set,rtdwl,Return to the Dunwich Legacy,return_to_blood_on_the_altar,Return to Blood on the Altar,exact,
Chapter 01/02r - Return to Dunwich Legacy/RTDWL-Return-to-Extracurricular-Activities.svg,encounter_set,rtdwl,Return to the Dunwich Legacy,return_to_extracurricular_activities,Return to Extracurricular Activity,exact,
Chapter 01/02r - Return to Dunwich Legacy/RTDWL-Return-to-Lost-in-Time-and-Space.svg,encounter_set,rtdwl,Return to the Dunwich Legacy,return_to_lost_in_time_and_space,Return to Lost in Time and Space,exact,
Chapter 01/02r - Return to Dunwich Legacy/RTDWL-Return-to-The-Essex-County-Express.svg,encounter_set,rtdwl,Return to the Dunwich Legacy,return_to_the_essex_county_express,Return to The Essex County Express,exact,
Chapter 01/02r - Return to Dunwich Legacy/RTDWL-Return-to-The-House-Always-Wins.svg,encounter_set,rtdwl,Return to the Dunwich Legacy,return_to_the_house_always_wins,Return to The House Always Wins,exact,
Chapter 01/02r - Return to Dunwich Legacy/RTDWL-Return-to-The-Miskatonic-Museum.svg,encounter_set,rtdwl,Return to the Dunwich Legacy,return_to_the_miskatonic_museum,Return to The Miskatonic Museum,exact,
Chapter 01/02r - Return to Dunwich Legacy/RTDWL-Return-to-Undimensioned-and-Unseen.svg,encounter_set,rtdwl,Return to the Dunwich Legacy,return_to_undimensioned_and_unseen,Return to Undimensioned and Unseen,exact,
Chapter 01/02r - Return to Dunwich Legacy/RTDWL-Return-to-Where-Doom-Awaits.svg,encounter_set,rtdwl,Return to the Dunwich Legacy,return_to_where_doom_awaits,Return to Where Doom Awaits,exact,
Chapter 01/02r - Return to Dunwich Legacy/RTDWL-Secret-Doors.svg,encounter_set,rtdwl,Return to the Dunwich Legacy,secret_doors,Secret Doors,exact,
Chapter 01/02r - Return to Dunwich Legacy/RTDWL-Yog-Sothoth’s-Emissaries.svg,encounter_set,rtdwl,Return to the Dunwich Legacy,yog_sothoths_emissaries,Yog-Sothoth's Emissaries,exact,
Chapter 01/03 - The Path to Carcosa/PTC-A-Phantom-of-Truth.svg,pack,apot,A Phantom of Truth,a_phantom_of_truth,A Phantom of Truth,exact,
Chapter 01/03 - The Path to Carcosa/PTC-Black-Stars-Rise.svg,pack,bsr,Black Stars Rise,black_stars_rise,Black Stars Rise,exact,
Chapter 01/03 - The Path to Carcosa/PTC-Byakhee.svg,encounter_set,ptc,The Path to Carcosa,byakhee,Byakhee,exact,
Chapter 01/03 - The Path to Carcosa/PTC-Cult-of-the-Yellow-Sign.svg,encounter_set,ptc,The Path to Carcosa,cult_of_the_yellow_sign,Cult of the Yellow Sign,exact,
Chapter 01/03 - The Path to Carcosa/PTC-Curtain-Call.svg,encounter_set,ptc,The Path to Carcosa,curtain_call,Curtain Call,exact,
Chapter 01/03 - The Path to Carcosa/PTC-Decay-&-Filth.svg,encounter_set,ptc,The Path to Carcosa,decay,Decay & Filth,exact,
Chapter 01/03 - The Path to Carcosa/PTC-Delusions.svg,encounter_set,ptc,The Path to Carcosa,delusions,Delusions,exact,
Chapter 01/03 - The Path to Carcosa/PTC-Dim-Carcosa.svg,pack,dca,Dim Carcosa,dim_carcosa,Dim Carcosa,exact,
Chapter 01/03 - The Path to Carcosa/PTC-Echoes-of-the-Past.svg,pack,eotp,Echoes of the Past,echoes_of_the_past,Echoes of the Past,exact,
Chapter 01/03 - The Path to Carcosa/PTC-Evil-Portents.svg,encounter_set,ptc,The Path to Carcosa,evil_portents,Evil Portents,exact,
Chapter 01/03 - The Path to Carcosa/PTC-Expansion.svg,box,ptc;ptcp;ptcc,The Path to Carcosa;The Path to Carcosa Investigator Expansion;The Path to Carcosa Campaign Expansion,,,manual,
Chapter 01/03 - The Path to Carcosa/PTC-Hastur’s-Gift.svg,encounter_set,ptc,The Path to Carcosa,hasturs_gift,Hastur's Gift,exact,
Chapter 01/03 - The Path to Carcosa/PTC-Hauntings.svg,encounter_set,ptc,The Path to Carcosa,hauntings,Hauntings,exact,
Chapter 01/03 - The Path to Carcosa/PTC-Inhabitants-of-Carcosa.svg,encounter_set,ptc,The Path to Carcosa,inhabitants_of_carcosa,Inhabitants of Carcosa,exact,
Chapter 01/03 - The Path to Carcosa/PTC-The-Flood-Below.svg,encounter_set,bsr,Black Stars Rise,flood,The Flood Below,exact,
Chapter 01/03 - The Path to Carcosa/PTC-The-Last-King.svg,encounter_set,ptc,The Path to Carcosa,the_last_king,The Last King,exact,
Chapter 01/03 - The Path to Carcosa/PTC-The-Pallid-Mask.svg,pack,tpm,The Pallid Mask,the_pallid_mask,The Pallid Mask,exact,
Chapter 01/03 - The Path to Carcosa/PTC-The-Stranger.svg,encounter_set,ptc,The Path to Carcosa,stranger,The Stranger,exact,
Chapter 01/03 - The Path to Carcosa/PTC-The-Unspeakable-Oath.svg,pack,tuo,The Unspeakable Oath,the_unspeakable_oath,The Unspeakable Oath,exact,
Chapter 01/03 - The Path to Carcosa/PTC-The-Vortex-Above.svg,encounter_set,bsr,Black Stars Rise,vortex,The Vortex Above,exact,
Chapter 01/03r - Return to The Path to Carcosa/RTPTC-Decaying-Reality.svg,encounter_set,rtptc,Return to the Path to Carcosa,decaying_reality,Decaying Reality,exact,
Chapter 01/03r - Return to The Path to Carcosa/RTPTC-Delusory-Evils.svg,encounter_set,rtptc,Return to the Path to Carcosa,delusory_evils,Delusory Evils,exact,
Chapter 01/03r - Return to The Path to Carcosa/RTPTC-Expansion.svg,box,rtptc,Return to the Path to Carcosa,,,manual,
Chapter 01/03r - Return to The Path to Carcosa/RTPTC-Hastur’s-Envoys.svg,encounter_set,rtptc,Return to the Path to Carcosa,hasturs_envoys,Hastur's Envoys,exact,
Chapter 01/03r - Return to The Path to Carcosa/RTPTC-Maddening-Delusions.svg,encounter_set,rtptc,Return to the Path to Carcosa,maddening_delusions,Maddening Delusions,exact,
Chapter 01/03r - Return to The Path to Carcosa/RTPTC-Neurotic-Fear.svg,encounter_set,rtptc,Return to the Path to Carcosa,neurotic_fear,Neurotic Fear,exact,
Chapter 01/03r - Return to The Path to Carcosa/RTPTC-Return-to-A-Phantom-of-Truth.svg,encounter_set,rtptc,Return to the Path to Carcosa,return_to_a_phantom_of_truth,Return to A Phantom of Truth,exact,
Chapter 01/03r - Return to The Path to Carcosa/RTPTC-Return-to-Black-Stars-Rise.svg,encounter_set,rtptc,Return to the Path to Carcosa,return_to_black_stars_rise,Return to Black Stars Rise,exact,
Chapter 01/03r - Return to The Path to Carcosa/RTPTC-Return-to-Curtain-Call.svg,encounter_set,rtptc,Return to the Path to Carcosa,return_to_curtain_call,Return to Curtain Call,exact,
Chapter 01/03r - Return to The Path to Carcosa/RTPTC-Return-to-Dim-Carcosa.svg,encounter_set,rtptc,Return to the Path to Carcosa,return_to_dim_carcosa,Return to Dim Carcosa,exact,
Chapter 01/03r - Return to The Path to Carcosa/RTPTC-Return-to-Echoes-of-the-Past.svg,encounter_set,rtptc,Return to the Path to Carcosa,return_to_echoes_of_the_past,Return to Echoes of the Past,exact,
Chapter 01/03r - Return to The Path to Carcosa/RTPTC-Return-to-The-Last-King.svg,encounter_set,rtptc,Return to the Path to Carcosa,return_to_the_last_king,Return to The Last King,exact,
Chapter 01/03r - Return to The Path to Carcosa/RTPTC-Return-to-The-Pallid-Mask.svg,encounter_set,rtptc,Return to the Path to Carcosa,return_to_the_pallid_mask,Return to The Pallid Mask,exact,
Chapter 01/03r - Return to The Path to Carcosa/RTPTC-Return-to-The-Unspeakable-Oath.svg,encounter_set,rtptc,Return to the Path to Carcosa,return_to_the_unspeakable_oath,Return to The Unspeakable Oath,exact,
Chapter 01/04 - The Forgotten Age/TFA-Agents-of-Yig.svg,encounter_set,tfa,The Forgotten Age,agents_of_yig,Agents of Yig,exact,
Chapter 01/04 - The Forgotten Age/TFA-Deadly-Traps.svg,encounter_set,tfa,The Forgotten Age,traps,Deadly Traps,exact,
Chapter 01/04 - The Forgotten Age/TFA-Expansion.svg,box,tfa;tfap;tfac,The Forgotten Age;The Forgotten Age Investigator Expansion;The Forgotten Age Campaign Expansion,,,manual,
Chapter 01/04 - The Forgotten Age/TFA-Expedition.svg,encounter_set,tfa,The Forgotten Age,expedition,Expedition,exact,
Chapter 01/04 - The Forgotten Age/TFA-Forgotten-Ruins.svg,encounter_set,tfa,The Forgotten Age,ruins,Forgotten Ruins,exact,
Chapter 01/04 - The Forgotten Age/TFA-Guardians-of-Time.svg,encounter_set,tfa,The Forgotten Age,guardians_of_time,Guardians of Time,exact,
Chapter 01/04 - The Forgotten Age/TFA-Heart-of-the-Elders.svg,pack,hote,Heart of the Elders,heart_of_the_elders,Heart of the Elders,exact,
Chapter 01/04 - The Forgotten Age/TFA-K’n-yan.svg,encounter_set,hote,Heart of the Elders,knyan,K'n-yan,exact,
Chapter 01/04 - The Forgotten Age/TFA-Pillars-of-Judgment.svg,encounter_set,hote,Heart of the Elders,pillars_of_judgment,Pillars of Judgment,exact,
Chapter 01/04 - The Forgotten Age/TFA-Pnakotic-Brotherhood.svg,encounter_set,tfa,The Forgotten Age,pnakotic_brotherhood,Pnakotic Brotherhood,exact,
Chapter 01/04 - The Forgotten Age/TFA-Poison.svg,encounter_set,tfa,The Forgotten Age,poison,Poison,exact,
Chapter 01/04 - The Forgotten Age/TFA-Rainforest.svg,encounter_set,tfa,The Forgotten Age,rainforest,Rainforest,exact,
Chapter 01/04 - The Forgotten Age/TFA-Serpents.svg,encounter_set,tfa,The Forgotten Age,serpents,Serpents,exact,
Chapter 01/04 - The Forgotten Age/TFA-Shattered-Aeons.svg,pack,sha,Shattered Aeons,shattered_aeons,Shattered Aeons,exact,
Chapter 01/04 - The Forgotten Age/TFA-Temporal-Flux.svg,encounter_set,tfa,The Forgotten Age,flux,Temporal Flux,exact,
Chapter 01/04 - The Forgotten Age/TFA-The-Boundary-Beyond.svg,pack,tbb,The Boundary Beyond,the_boundary_beyond,The Boundary Beyond,exact,
Chapter 01/04 - The Forgotten Age/TFA-The-City-of-Archives.svg,pack,tcoa,The City of Archives,the_city_of_archives,The City of Archives,exact,
Chapter 01/04 - The Forgotten Age/TFA-The-Depths-of-Yoth.svg,pack,tdoy,The Depths of Yoth,the_depths_of_yoth,The Depths of Yoth,exact,
Chapter 01/04 - The Forgotten Age/TFA-The-Doom-of-Eztli.svg,encounter_set,tfa,The Forgotten Age,eztli,The Doom of Eztli,exact,
Chapter 01/04 - The Forgotten Age/TFA-The-Untamed-Wilds.svg,encounter_set,tfa,The Forgotten Age,wilds,The Untamed Wilds,exact,
Chapter 01/04 - The Forgotten Age/TFA-Threads-of-Fate.svg,pack,tof,Threads of Fate,threads_of_fate,Threads of Fate,exact,
Chapter 01/04 - The Forgotten Age/TFA-Yig’s-Venom.svg,encounter_set,tfa,The Forgotten Age,venom,Yig's Venom,exact,
Chapter 01/04r - Return to The Forgotten Age/RTTFA-Cult-of-Pnakotus.svg,encounter_set,rttfa,Return to the Forgotten Age,cult_of_pnakotus,Cult of Pnakotus,exact,
Chapter 01/04r - Return to The Forgotten Age/RTTFA-Doomed-Expedition.svg,encounter_set,rttfa,Return to the Forgotten Age,doomed_expedition,Doomed Expedition,exact,
Chapter 01/04r - Return to The Forgotten Age/RTTFA-Expansion.svg,box,rttfa,Return to the Forgotten Age,,,manual,
Chapter 01/04r - Return to The Forgotten Age/RTTFA-Return-to-Heart-of-the-Elders.svg,encounter_set,rttfa,Return to the Forgotten Age,return_to_pillars_of_judgment;return_to_knyan,Return to Pillars of Judgment;Return to K'n-yan,manual,
Chapter 01/04r - Return to The Forgotten Age/RTTFA-Return-to-K’n-yan.svg,encounter_set,rttfa,Return to the Forgotten Age,return_to_knyan,Return to K'n-yan,exact,
Chapter 01/04r - Return to The Forgotten Age/RTTFA-Return-to-Pillars-of-Judgment.svg,encounter_set,rttfa,Return to the Forgotten Age,return_to_pillars_of_judgment,Return to Pillars of Judgment,exact,
Chapter 01/04r - Return to The Forgotten Age/RTTFA-Return-to-Shattered-Aeons.svg,encounter_set,rttfa,Return to the Forgotten Age,return_to_shattered_aeons,Return to Shattered Aeons,exact,
Chapter 01/04r - Return to The Forgotten Age/RTTFA-Return-to-The-Boundary-Beyond.svg,encounter_set,rttfa,Return to the Forgotten Age,return_to_the_boundary_beyond,Return to the Boundary Beyond,exact,
Chapter 01/04r - Return to The Forgotten Age/RTTFA-Return-to-The-City-of-Archives.svg,encounter_set,rttfa,Return to the Forgotten Age,return_to_the_city_of_archives,Return to the City of Archives,exact,
Chapter 01/04r - Return to The Forgotten Age/RTTFA-Return-to-The-Depths-of-Yoth.svg,encounter_set,rttfa,Return to the Forgotten Age,return_to_the_depths_of_yoth,Return to the Depths of Yoth,exact,
Chapter 01/04r - Return to The Forgotten Age/RTTFA-Return-to-The-Doom-of-Eztli.svg,encounter_set,rttfa,Return to the Forgotten Age,return_to_the_doom_of_eztli,Return to the Doom of Eztli,exact,
Chapter 01/04r - Return to The Forgotten Age/RTTFA-Return-to-The-Untamed-Wilds.svg,encounter_set,rttfa,Return to the Forgotten Age,return_to_the_untamed_wilds,Return to the Untamed Wilds,exact,
Chapter 01/04r - Return to The Forgotten Age/RTTFA-Return-to-Threads-of-Fate.svg,encounter_set,rttfa,Return to the Forgotten Age,return_to_threads_of_fate,Return to Threads of Fate,exact,
Chapter 01/04r - Return to The Forgotten Age/RTTFA-Return-to-Turn-Back-Time.svg,encounter_set,rttfa,Return to the Forgotten Age,return_to_turn_back_time,Return to Turn Back Time,exact,
Chapter 01/04r - Return to The Forgotten Age/RTTFA-Return-to-the-Rainforest.svg,encounter_set,rttfa,Return to the Forgotten Age,return_to_the_rainforest,Return to the Rainforest,exact,
Chapter 01/04r - Return to The Forgotten Age/RTTFA-Temporal-Hunters.svg,encounter_set,rttfa,Return to the Forgotten Age,temporal_hunters,Temporal Hunters,exact,
Chapter 01/04r - Return to The Forgotten Age/RTTFA-Venomous-Hate.svg,encounter_set,rttfa,Return to the Forgotten Age,venomous_hate,Venomous Hate,exact,
Chapter 01/05 - The Circle Undone/TCU-Agents-of-Azathoth.svg,encounter_set,tcu,The Circle Undone,agents_of_azathoth,Agents of Azathoth,exact,
Chapter 01/05 - The Circle Undone/TCU-Anette’s-Coven.svg,encounter_set,tcu,The Circle Undone,anettes_coven,Anette's Coven,exact,
Chapter 01/05 - The Circle Undone/TCU-At-Death’s-Doorstep.svg,encounter_set,tcu,The Circle Undone,at_deaths_doorstep,At Death's Doorstep,exact,
Chapter 01/05 - The Circle Undone/TCU-Before-the-Black-Throne.svg,pack,bbt,Before the Black Throne,before_the_black_throne,Before the Black Throne,exact,
Chapter 01/05 - The Circle Undone/TCU-City-of-Sins.svg,encounter_set,tcu,The Circle Undone,city_of_sins,City of Sins,exact,
Chapter 01/05 - The Circle Undone/TCU-Disappearance-at-the-Twilight-Estate.svg,encounter_set,tcu,The Circle Undone,disappearance_at_the_twilight_estate,Disappearance at the Twilight Estate,exact,
Chapter 01/05 - The Circle Undone/TCU-Expansion.svg,box,tcu;tcup;tcuc,The Circle Undone;The Circle Undone Investigator Expansion;The Circle Undone Campaign Expansion,,,manual,
Chapter 01/05 - The Circle Undone/TCU-For-the-Greater-Good.svg,pack,fgg,For the Greater Good,for_the_greater_good,For the Greater Good,exact,
Chapter 01/05 - The Circle Undone/TCU-In-the-Clutches-of-Chaos.svg,pack,icc,In the Clutches of Chaos,in_the_clutches_of_chaos,In the Clutches of Chaos,exact,
Chapter 01/05 - The Circle Undone/TCU-Inexorable-Fate.svg,encounter_set,tcu,The Circle Undone,inexorable_fate,Inexorable Fate,exact,
Chapter 01/05 - The Circle Undone/TCU-Music-of-the-Damned.svg,encounter_set,icc,In the Clutches of Chaos,music_of_the_damned,Music of the Damned,exact,
Chapter 01/05 - The Circle Undone/TCU-Realm-of-Death.svg,encounter_set,tcu,The Circle Undone,realm_of_death,Realm of Death,exact,
Chapter 01/05 - The Circle Undone/TCU-Secrets-of-the-Universe.svg,encounter_set,icc,In the Clutches of Chaos,secrets_of_the_universe,Secrets of the Universe,exact,
Chapter 01/05 - The Circle Undone/TCU-Silver-Twilight-Lodge.svg,encounter_set,tcu,The Circle Undone,silver_twilight_lodge,Silver Twilight Lodge,exact,
Chapter 01/05 - The Circle Undone/TCU-Spectral-Predators.svg,encounter_set,tcu,The Circle Undone,spectral_predators,Spectral Predators,exact,
Chapter 01/05 - The Circle Undone/TCU-The-Secret-Name.svg,pack,tsn,The Secret Name,the_secret_name,The Secret Name,exact,
Chapter 01/05 - The Circle Undone/TCU-The-Wages-of-Sin.svg,pack,wos,The Wages of Sin,the_wages_of_sin,The Wages of Sin,exact,
Chapter 01/05 - The Circle Undone/TCU-The-Watcher.svg,encounter_set,tcu,The Circle Undone,the_watcher,The Watcher,exact,
Chapter 01/05 - The Circle Undone/TCU-The-Witching-Hour.svg,encounter_set,tcu,The Circle Undone,the_witching_hour,The Witching Hour,exact,
Chapter 01/05 - The Circle Undone/TCU-Trapped-Spirits.svg,encounter_set,tcu,The Circle Undone,trapped_spirits,Trapped Spirits,exact,
Chapter 01/05 - The Circle Undone/TCU-Union-and-Disillusion.svg,pack,uad,Union and Disillusion,union_and_disillusion,Union and Disillusion,exact,
Chapter 01/05 - The Circle Undone/TCU-Witchcraft.svg,encounter_set,tcu,The Circle Undone,witchcraft,Witchcraft,exact,
Chapter 01/05r - Return to The Circle Undone/RTTCU-Bloodthirsty-Spirits.svg,encounter_set,rttcu,Return to the Circle Undone,bloodthirsty_spirits,Bloodthirsty Spirits,exact,
Chapter 01/05r - Return to The Circle Undone/RTTCU-Chilling-Mists.svg,encounter_set,rttcu,Return to the Circle Undone,chilling_mists,Chilling Mists,exact,
Chapter 01/05r - Return to The Circle Undone/RTTCU-City-of-the-Damned.svg,encounter_set,rttcu,Return to the Circle Undone,city_of_the_damned,City of the Damned,exact,
Chapter 01/05r - Return to The Circle Undone/RTTCU-Expansion.svg,box,rttcu,Return to the Circle Undone,,,manual,
Chapter 01/05r - Return to The Circle Undone/RTTCU-Hexcraf.svg,encounter_set,rttcu,Return to the Circle Undone,hexcraft,Hexcraft,fuzzy,
Chapter 01/05r - Return to The Circle Undone/RTTCU-Impending-Evils.svg,encounter_set,rttcu,Return to the Circle Undone,impending_evils,Impending Evils,exact,
Chapter 01/05r - Return to The Circle Undone/RTTCU-Return-to-At-Death’s-Doorstep.svg,encounter_set,rttcu,Return to the Circle Undone,return_to_at_deaths_doorstep,Return to At Death's Doorstep,exact,
Chapter 01/05r - Return to The Circle Undone/RTTCU-Return-to-Before-the-Black-Throne.svg,encounter_set,rttcu,Return to the Circle Undone,return_to_before_the_black_throne,Return to Before the Black Throne,exact,
Chapter 01/05r - Return to The Circle Undone/RTTCU-Return-to-Disappearance-at-the-Twilight-Estate.svg,encounter_set,rttcu,Return to the Circle Undone,return_to_disappearance_at_the_twilight_estate,Return to Disappearance at the Twilight Estate,exact,
Chapter 01/05r - Return to The Circle Undone/RTTCU-Return-to-For-the-Greater-Good.svg,encounter_set,rttcu,Return to the Circle Undone,return_to_for_the_greater_good,Return to For the Greater Good,exact,
Chapter 01/05r - Return to The Circle Undone/RTTCU-Return-to-In-the-Clutches-of-Chaos.svg,encounter_set,rttcu,Return to the Circle Undone,return_to_in_the_clutches_of_chaos,Return to In the Clutches of Chaos,exact,
Chapter 01/05r - Return to The Circle Undone/RTTCU-Return-to-The-Secret-Name.svg,encounter_set,rttcu,Return to the Circle Undone,return_to_the_secret_name,Return to The Secret Name,exact,
Chapter 01/05r - Return to The Circle Undone/RTTCU-Return-to-The-Wages-of-Sin.svg,encounter_set,rttcu,Return to the Circle Undone,return_to_the_wages_of_sin,Return to The Wages of Sin,exact,
Chapter 01/05r - Return to The Circle Undone/RTTCU-Return-to-The-Witching-Hour.svg,encounter_set,rttcu,Return to the Circle Undone,return_to_the_witching_hour,Return to The Witching Hour,exact,
Chapter 01/05r - Return to The Circle Undone/RTTCU-Return-to-Union-and-Disillusion.svg,encounter_set,rttcu,Return to the Circle Undone,return_to_union_and_disillusion,Return to Union and Disillusion,exact,
Chapter 01/05r - Return to The Circle Undone/RTTCU-Unspeakable-Fate.svg,encounter_set,rttcu,Return to the Circle Undone,unspeakable_fate,Unspeakable Fate,exact,
Chapter 01/05r - Return to The Circle Undone/RTTCU-Unstable-Realm.svg,encounter_set,rttcu,Return to the Circle Undone,unstable_realm,Unstable Realm,exact,
Chapter 01/06 - The Dream-Eaters/TDE-A-Thousand-Shapes-of-Horror.svg,pack,tsh,A Thousand Shapes of Horror,a_thousand_shapes_of_horror,A Thousand Shapes of Horror,exact,
Chapter 01/06 - The Dream-Eaters/TDE-Agents-of-Atlach-Nacha.svg,encounter_set,tde,The Dream-Eaters,agents_of_atlach_nacha,Agents of Atlach-Nacha,exact,
Chapter 01/06 - The Dream-Eaters/TDE-Agents-of-Nyarlathotep.svg,encounter_set,tde,The Dream-Eaters,agents_of_nyarlathotep,Agents of Nyarlathotep,exact,
Chapter 01/06 - The Dream-Eaters/TDE-Beyond-the-Gates-of-Sleep.svg,encounter_set,tde,The Dream-Eaters,beyond_the_gates_of_sleep,Beyond the Gates of Sleep,exact,
Chapter 01/06 - The Dream-Eaters/TDE-Campaign.svg,box,tde;tdep;tdec,The Dream-Eaters;The Dream-Eaters Investigator Expansion;The Dream-Eaters Campaign Expansion,,,manual,
Chapter 01/06 - The Dream-Eaters/TDE-Corsairs.svg,encounter_set,tde,The Dream-Eaters,corsairs,Corsairs,exact,
Chapter 01/06 - The Dream-Eaters/TDE-Creatures-of-the-Underworld.svg,encounter_set,tde,The Dream-Eaters,creatures_of_the_underworld,Creatures of the Underworld,exact,
Chapter 01/06 - The Dream-Eaters/TDE-Dark-Side-of-the-Moon.svg,pack,dsm,Dark Side of the Moon,dark_side_of_the_moon,Dark Side of the Moon,exact,
Chapter 01/06 - The Dream-Eaters/TDE-Descent-into-the-Pitch.svg,encounter_set,pnr,Point of No Return,descent_into_the_pitch,Descent into the Pitch,exact,
Chapter 01/06 - The Dream-Eaters/TDE-Dreamer’s-Curse.svg,encounter_set,tde,The Dream-Eaters,dreamers_curse,Dreamer's Curse,exact,
Chapter 01/06 - The Dream-Eaters/TDE-Dreamlands.svg,encounter_set,tde,The Dream-Eaters,dreamlands,Dreamlands,exact,
Chapter 01/06 - The Dream-Eaters/TDE-Merging-Realities.svg,encounter_set,tde,The Dream-Eaters,merging_realities,Merging Realities,exact,
Chapter 01/06 - The Dream-Eaters/TDE-Point-of-No-Return.svg,pack,pnr,Point of No Return,point_of_no_return,Point of No Return,exact,
Chapter 01/06 - The Dream-Eaters/TDE-Spiders.svg,encounter_set,tde,The Dream-Eaters,spiders,Spiders,exact,
Chapter 01/06 - The Dream-Eaters/TDE-Terror-of-the-Vale.svg,encounter_set,pnr,Point of No Return,terror_of_the_vale,Terror of the Vale,exact,
Chapter 01/06 - The Dream-Eaters/TDE-The-Search-for-Kadath.svg,pack,sfk,The Search for Kadath,the_search_for_kadath,The Search for Kadath,exact,
Chapter 01/06 - The Dream-Eaters/TDE-Waking-Nightmare.svg,encounter_set,tde,The Dream-Eaters,waking_nightmare,Waking Nightmare,exact,
Chapter 01/06 - The Dream-Eaters/TDE-Weaver-of-the-Cosmos.svg,pack,woc,Weaver of the Cosmos,weaver_of_the_cosmos,Weaver of the Cosmos,exact,
Chapter 01/06 - The Dream-Eaters/TDE-Where-the-Gods-Dwell.svg,pack,wgd,Where the Gods Dwell,where_the_gods_dwell,Where the Gods Dwell,exact,
Chapter 01/06 - The Dream-Eaters/TDE-Whispers-of-Hypnos.svg,encounter_set,tde,The Dream-Eaters,whispers_of_hypnos,Whispers of Hypnos,exact,
Chapter 01/06 - The Dream-Eaters/TDE-Zoogs.svg,encounter_set,tde,The Dream-Eaters,zoogs,Zoogs,exact,
Chapter 01/07 - The Innsmouth Conspiracy/TIC-A-Light-in-the-Fog.svg,pack,lif,A Light in the Fog,a_light_in_the_fog,A Light in the Fog,exact,
Chapter 01/07 - The Innsmouth Conspiracy/TIC-Agents-of-Dagon.svg,encounter_set,tic,The Innsmouth Conspiracy,agents_of_dagon,Agents of Dagon,exact,
Chapter 01/07 - The Innsmouth Conspiracy/TIC-Agents-of-Hydra.svg,encounter_set,tic,The Innsmouth Conspiracy,agents_of_hydra,Agents of Hydra,exact,
Chapter 01/07 - The Innsmouth Conspiracy/TIC-Campaign.svg,box,tic;ticp;ticc,The Innsmouth Conspiracy;The Innsmouth Conspiracy Investigator Expansion;The Innsmouth Conspiracy Campaign Expansion,,,manual,
Chapter 01/07 - The Innsmouth Conspiracy/TIC-Creatures-of-the-Deep.svg,encounter_set,tic,The Innsmouth Conspiracy,creatures_of_the_deep,Creatures of the Deep,exact,
Chapter 01/07 - The Innsmouth Conspiracy/TIC-Devil-Reef.svg,pack,def,Devil Reef,devil_reef,Devil Reef,exact,
Chapter 01/07 - The Innsmouth Conspiracy/TIC-Flooded-Caverns.svg,encounter_set,tic,The Innsmouth Conspiracy,flooded_caverns,Flooded Caverns,exact,
Chapter 01/07 - The Innsmouth Conspiracy/TIC-Fog-over-Innsmouth.svg,encounter_set,tic,The Innsmouth Conspiracy,fog_over_innsmouth,Fog over Innsmouth,exact,
Chapter 01/07 - The Innsmouth Conspiracy/TIC-Horror-in-High-Gear.svg,pack,hhg,Horror in High Gear,horror_in_high_gear,Horror in High Gear,exact,
Chapter 01/07 - The Innsmouth Conspiracy/TIC-In-Too-Deep.svg,pack,itd,In Too Deep,in_too_deep,In Too Deep,exact,
Chapter 01/07 - The Innsmouth Conspiracy/TIC-Into-the-Maelstrom.svg,pack,itm,Into the Maelstrom,into_the_maelstrom,Into the Maelstrom,exact,
Chapter 01/07 - The Innsmouth Conspiracy/TIC-Malfunction.svg,encounter_set,tic,The Innsmouth Conspiracy,malfunction,Malfunction,exact,
Chapter 01/07 - The Innsmouth Conspiracy/TIC-Rising-Tide.svg,encounter_set,tic,The Innsmouth Conspiracy,rising_tide,Rising Tide,exact,
Chapter 01/07 - The Innsmouth Conspiracy/TIC-Shattered-Memories.svg,encounter_set,tic,The Innsmouth Conspiracy,shattered_memories,Shattered Memories,exact,
Chapter 01/07 - The Innsmouth Conspiracy/TIC-Syzygy.svg,encounter_set,tic,The Innsmouth Conspiracy,syzygy,Syzygy,exact,
Chapter 01/07 - The Innsmouth Conspiracy/TIC-The-Lair-of-Dagon.svg,pack,lod,The Lair of Dagon,the_lair_of_dagon,The Lair of Dagon,exact,
Chapter 01/07 - The Innsmouth Conspiracy/TIC-The-Locals.svg,encounter_set,tic,The Innsmouth Conspiracy,the_locals,The Locals,exact,
Chapter 01/07 - The Innsmouth Conspiracy/TIC-The-Pit-of-Despair.svg,encounter_set,tic,The Innsmouth Conspiracy,the_pit_of_despair,The Pit of Despair,exact,
Chapter 01/07 - The Innsmouth Conspiracy/TIC-The-Vanishing-of-Elina-Harper.svg,encounter_set,tic,The Innsmouth Conspiracy,the_vanishing_of_elina_harper,The Vanishing of Elina Harper,exact,
Chapter 01/08 - Edge of the Earth/EOEC-Agents-of-the-Unknown.svg,encounter_set,eoec,Edge of the Earth Campaign Expansion,agents_of_the_unknown,Agents of the Unknown,exact,
Chapter 01/08 - Edge of the Earth/EOEC-Campaign.svg,box,eoec,Edge of the Earth Campaign Expansion,,,manual,
Chapter 01/08 - Edge of the Earth/EOEC-City-of-the-Elder-Things.svg,encounter_set,eoec,Edge of the Earth Campaign Expansion,city_of_the_elder_things,City of the Elder Things,exact,
Chapter 01/08 - Edge of the Earth/EOEC-Creatures-in-the-Ice.svg,encounter_set,eoec,Edge of the Earth Campaign Expansion,creatures_in_the_ice,Creatures in the Ice,exact,
Chapter 01/08 - Edge of the Earth/EOEC-Deadly-Weather.svg,encounter_set,eoec,Edge of the Earth Campaign Expansion,deadly_weather,Deadly Weather,exact,
Chapter 01/08 - Edge of the Earth/EOEC-Elder-Things.svg,encounter_set,eoec,Edge of the Earth Campaign Expansion,elder_things,Elder Things,exact,
Chapter 01/08 - Edge of the Earth/EOEC-Expedition-Team.svg,encounter_set,eoec,Edge of the Earth Campaign Expansion,expedition_team,Expedition Team,exact,
Chapter 01/08 - Edge of the Earth/EOEC-Fatal-Mirage.svg,encounter_set,eoec,Edge of the Earth Campaign Expansion,fatal_mirage,Fatal Mirage,exact,
Chapter 01/08 - Edge of the Earth/EOEC-Hazards-of-Antarctica.svg,encounter_set,eoec,Edge of the Earth Campaign Expansion,hazards_of_antarctica,Hazards of Antarctica,exact,
Chapter 01/08 - Edge of the Earth/EOEC-Ice-and-Death.svg,encounter_set,eoec,Edge of the Earth Campaign Expansion,ice_and_death,Ice and Death,exact,
Chapter 01/08 - Edge of the Earth/EOEC-Left-Behind.svg,encounter_set,eoec,Edge of the Earth Campaign Expansion,left_behind,Left Behind,exact,
Chapter 01/08 - Edge of the Earth/EOEC-Lost-in-the-Night.svg,encounter_set,eoec,Edge of the Earth Campaign Expansion,lost_in_the_night,Lost in the Night,exact,
Chapter 01/08 - Edge of the Earth/EOEC-Memorials-of-the-Lost.svg,encounter_set,eoec,Edge of the Earth Campaign Expansion,memorials_of_the_lost,Memorials of the Lost,exact,
Chapter 01/08 - Edge of the Earth/EOEC-Miasma.svg,encounter_set,eoec,Edge of the Earth Campaign Expansion,miasma,Miasma,exact,
Chapter 01/08 - Edge of the Earth/EOEC-Nameless-Horrors.svg,encounter_set,eoec,Edge of the Earth Campaign Expansion,nameless_horrors,Nameless Horrors,exact,
Chapter 01/08 - Edge of the Earth/EOEC-Penguins.svg,encounter_set,eoec,Edge of the Earth Campaign Expansion,penguins,Penguins,exact,
Chapter 01/08 - Edge of the Earth/EOEC-Seeping-Nightmares.svg,encounter_set,eoec,Edge of the Earth Campaign Expansion,seeping_nightmares,Seeping Nightmares,exact,
Chapter 01/08 - Edge of the Earth/EOEC-Shoggoths.svg,encounter_set,eoec,Edge of the Earth Campaign Expansion,shoggoths,Shoggoths,exact,
Chapter 01/08 - Edge of the Earth/EOEC-Silence-and-Mystery.svg,encounter_set,eoec,Edge of the Earth Campaign Expansion,silence_and_mystery,Silence and Mystery,exact,
Chapter 01/08 - Edge of the Earth/EOEC-Stirring-in-the-Deep.svg,encounter_set,eoec,Edge of the Earth Campaign Expansion,stirring_in_the_deep,Stirring in the Deep,exact,
Chapter 01/08 - Edge of the Earth/EOEC-Tekeli-li.svg,encounter_set,eoec,Edge of the Earth Campaign Expansion,tekelili,Tekeli-Li,exact,
Chapter 01/08 - Edge of the Earth/EOEC-The-Crash.svg,encounter_set,eoec,Edge of the Earth Campaign Expansion,the_crash,The Crash,exact,
Chapter 01/08 - Edge of the Earth/EOEC-The-Great-Seal.svg,encounter_set,eoec,Edge of the Earth Campaign Expansion,the_great_seal,The Great Seal,exact,
Chapter 01/08 - Edge of the Earth/EOEC-The-Heart-of-Madness.svg,encounter_set,eoec,Edge of the Earth Campaign Expansion,the_heart_of_madness,The Heart of Madness,exact,
Chapter 01/08 - Edge of the Earth/EOEC-To-the-Forbidden-Peaks.svg,encounter_set,eoec,Edge of the Earth Campaign Expansion,to_the_forbidden_peaks,To the Forbidden Peaks,exact,
Chapter 01/08 - Edge of the Earth/EOEP-Investigators.svg,box,eoep,Edge of the Earth Investigator Expansion,,,manual,
Chapter 01/09 - The Skarlet Keys/TSKC-Agents-of-Yuggoth.svg,encounter_set,tskc,The Scarlet Keys Campaign Expansion,agents_of_yuggoth,Agents of Yuggoth,exact,
Chapter 01/09 - The Skarlet Keys/TSKC-Agents-of-the-Outside.svg,encounter_set,tskc,The Scarlet Keys Campaign Expansion,agents_of_the_outside,Agents of the Outside,exact,
Chapter 01/09 - The Skarlet Keys/TSKC-Beyond-the-Beyond.svg,encounter_set,tskc,The Scarlet Keys Campaign Expansion,beyond_the_beyond,Beyond the Beyond,exact,
Chapter 01/09 - The Skarlet Keys/TSKC-Cleanup-Crew.svg,encounter_set,tskc,The Scarlet Keys Campaign Expansion,cleanup_crew,Cleanup Crew,exact,
Chapter 01/09 - The Skarlet Keys/TSKC-Congress-of-the-Keys.svg,encounter_set,tskc,The Scarlet Keys Campaign Expansion,congress_of_the_keys,Congress of the Keys,exact,
Chapter 01/09 - The Skarlet Keys/TSKC-Crimson-Conspiracy.svg,encounter_set,tskc,The Scarlet Keys Campaign Expansion,crimson_conspiracy,Crimson Conspiracy,exact,
Chapter 01/09 - The Skarlet Keys/TSKC-Dancing-Mad.svg,encounter_set,tskc,The Scarlet Keys Campaign Expansion,dancing_mad,Dancing Mad,exact,
Chapter 01/09 - The Skarlet Keys/TSKC-Dark-Veiling.svg,encounter_set,tskc,The Scarlet Keys Campaign Expansion,dark_veiling,Dark Veiling,exact,
Chapter 01/09 - The Skarlet Keys/TSKC-Dead-Heat.svg,encounter_set,tskc,The Scarlet Keys Campaign Expansion,dead_heat,Dead Heat,exact,
Chapter 01/09 - The Skarlet Keys/TSKC-Dealings-in-the-Dark.svg,encounter_set,tskc,The Scarlet Keys Campaign Expansion,dealings_in_the_dark,Dealings in the Dark,exact,
Chapter 01/09 - The Skarlet Keys/TSKC-Dogs-of-War.svg,encounter_set,tskc,The Scarlet Keys Campaign Expansion,dogs_of_war,Dogs of War,exact,
Chapter 01/09 - The Skarlet Keys/TSKC-Expansion.svg,box,tskc,The Scarlet Keys Campaign Expansion,,,manual,
Chapter 01/09 - The Skarlet Keys/TSKC-Globetrotting.svg,encounter_set,tskc,The Scarlet Keys Campaign Expansion,globetrotting,Globetrotting,exact,
Chapter 01/09 - The Skarlet Keys/TSKC-Mysteries-Abound.svg,encounter_set,tskc,The Scarlet Keys Campaign Expansion,mysteries_abound,Mysteries Abound,exact,
Chapter 01/09 - The Skarlet Keys/TSKC-On-Thin-Ice.svg,encounter_set,tskc,The Scarlet Keys Campaign Expansion,on_thin_ice,On Thin Ice,exact,
Chapter 01/09 - The Skarlet Keys/TSKC-Outsiders.svg,encounter_set,tskc,The Scarlet Keys Campaign Expansion,outsiders,Outsiders,exact,
Chapter 01/09 - The Skarlet Keys/TSKC-Red-Coterie.svg,encounter_set,tskc,The Scarlet Keys Campaign Expansion,red_coterie,Red Coterie,exact,
Chapter 01/09 - The Skarlet Keys/TSKC-Riddles-and-Rain.svg,encounter_set,tskc,The Scarlet Keys Campaign Expansion,riddles_and_rain,Riddles and Rain,exact,
Chapter 01/09 - The Skarlet Keys/TSKC-Sanguine-Shadows.svg,encounter_set,tskc,The Scarlet Keys Campaign Expansion,sanguine_shadows,Sanguine Shadows,exact,
Chapter 01/09 - The Skarlet Keys/TSKC-Scarlet-Sorcery.svg,encounter_set,tskc,The Scarlet Keys Campaign Expansion,scarlet_sorcery,Scarlet Sorcery,exact,
Chapter 01/09 - The Skarlet Keys/TSKC-Secret-War.svg,encounter_set,tskc,The Scarlet Keys Campaign Expansion,secret_war,Secret War,exact,
Chapter 01/09 - The Skarlet Keys/TSKC-Shades-of-Suffering.svg,encounter_set,tskc,The Scarlet Keys Campaign Expansion,shades_of_suffering,Shades of Suffering,exact,
Chapter 01/09 - The Skarlet Keys/TSKC-Shadow-of-a-Doubt.svg,encounter_set,tskc,The Scarlet Keys Campaign Expansion,shadow_of_a_doubt,Shadow of a Doubt,exact,
Chapter 01/09 - The Skarlet Keys/TSKC-Spatial-Anomaly.svg,encounter_set,tskc,The Scarlet Keys Campaign Expansion,spatial_anomaly,Spatial Anomaly,exact,
Chapter 01/09 - The Skarlet Keys/TSKC-Spreading-Corruption.svg,encounter_set,tskc,The Scarlet Keys Campaign Expansion,spreading_corruption,Spreading Corruption,exact,
Chapter 01/09 - The Skarlet Keys/TSKC-Strange-Happenings.svg,encounter_set,tskc,The Scarlet Keys Campaign Expansion,strange_happenings,Strange Happenings,exact,
Chapter 01/09 - The Skarlet Keys/TSKC-Without-a-Trace.svg,encounter_set,tskc,The Scarlet Keys Campaign Expansion,without_a_trace,Without a Trace,exact,
Chapter 01/09 - The Skarlet Keys/TSKP-Investigators.svg,box,tskp,The Scarlet Keys Investigator Expansion,,,manual,
Chapter 01/10 - The Feast of Hemlock Vale/FHVC-Agents-of-the-Colour.svg,encounter_set,fhvc,The Feast of Hemlock Vale Campaign Expansion,agents_of_the_colour,Agents of the Colour,exact,
Chapter 01/10 - The Feast of Hemlock Vale/FHVC-Blight.svg,encounter_set,fhvc,The Feast of Hemlock Vale Campaign Expansion,blight,Blight,exact,
Chapter 01/10 - The Feast of Hemlock Vale/FHVC-Day-of-Rain.svg,encounter_set,fhvc,The Feast of Hemlock Vale Campaign Expansion,day_of_rain,Day of Rain,exact,
Chapter 01/10 - The Feast of Hemlock Vale/FHVC-Day-of-Rest.svg,encounter_set,fhvc,The Feast of Hemlock Vale Campaign Expansion,day_of_rest,Day of Rest,exact,
Chapter 01/10 - The Feast of Hemlock Vale/FHVC-Day-of-the-Feast.svg,encounter_set,fhvc,The Feast of Hemlock Vale Campaign Expansion,day_of_the_feast,Day of the Feast,exact,
Chapter 01/10 - The Feast of Hemlock Vale/FHVC-Expansion.svg,box,fhvc,The Feast of Hemlock Vale Campaign Expansion,,,manual,
Chapter 01/10 - The Feast of Hemlock Vale/FHVC-Fate-of-the-Vale.svg,encounter_set,fhvc,The Feast of Hemlock Vale Campaign Expansion,fate_of_the_vale,Fate of the Vale,exact,
Chapter 01/10 - The Feast of Hemlock Vale/FHVC-Fire!.svg,encounter_set,fhvc,The Feast of Hemlock Vale Campaign Expansion,fire,Fire!,exact,
Chapter 01/10 - The Feast of Hemlock Vale/FHVC-Heirlooms.svg,encounter_set,fhvc,The Feast of Hemlock Vale Campaign Expansion,heirlooms,Heirlooms,exact,
Chapter 01/10 - The Feast of Hemlock Vale/FHVC-Hemlock-House.svg,encounter_set,fhvc,The Feast of Hemlock Vale Campaign Expansion,hemlock_house,Hemlock House,exact,
Chapter 01/10 - The Feast of Hemlock Vale/FHVC-Horrors-in-the-Rock.svg,encounter_set,fhvc,The Feast of Hemlock Vale Campaign Expansion,horrors_in_the_rock,Horrors in the Rock,exact,
Chapter 01/10 - The Feast of Hemlock Vale/FHVC-Mutations.svg,encounter_set,fhvc,The Feast of Hemlock Vale Campaign Expansion,mutations,Mutations,exact,
Chapter 01/10 - The Feast of Hemlock Vale/FHVC-Myconids.svg,encounter_set,fhvc,The Feast of Hemlock Vale Campaign Expansion,myconids,Myconids,exact,
Chapter 01/10 - The Feast of Hemlock Vale/FHVC-Refractions.svg,encounter_set,fhvc,The Feast of Hemlock Vale Campaign Expansion,refractions,Refractions,exact,
Chapter 01/10 - The Feast of Hemlock Vale/FHVC-Residents.svg,encounter_set,fhvc,The Feast of Hemlock Vale Campaign Expansion,residents,Residents,exact,
Chapter 01/10 - The Feast of Hemlock Vale/FHVC-The-Final-Day.svg,encounter_set,fhvc,The Feast of Hemlock Vale Campaign Expansion,the_final_day,The Final Day,exact,
Chapter 01/10 - The Feast of Hemlock Vale/FHVC-The-First-Day.svg,encounter_set,fhvc,The Feast of Hemlock Vale Campaign Expansion,the_first_day,The First Day,exact,
Chapter 01/10 - The Feast of Hemlock Vale/FHVC-The-Forest.svg,encounter_set,fhvc,The Feast of Hemlock Vale Campaign Expansion,the_forest,The Forest,exact,
Chapter 01/10 - The Feast of Hemlock Vale/FHVC-The-Longest-Night.svg,encounter_set,fhvc,The Feast of Hemlock Vale Campaign Expansion,the_longest_night,The Longest Night,exact,
Chapter 01/10 - The Feast of Hemlock Vale/FHVC-The-Lost-Sister.svg,encounter_set,fhvc,The Feast of Hemlock Vale Campaign Expansion,the_lost_sister,The Lost Sister,exact,
Chapter 01/10 - The Feast of Hemlock Vale/FHVC-The-Second-Day.svg,encounter_set,fhvc,The Feast of Hemlock Vale Campaign Expansion,the_second_day,The Second Day,exact,
Chapter 01/10 - The Feast of Hemlock Vale/FHVC-The-Silent-Heath.svg,encounter_set,fhvc,The Feast of Hemlock Vale Campaign Expansion,the_silent_heath,The Silent Heath,exact,
Chapter 01/10 - The Feast of Hemlock Vale/FHVC-The-Thing-in-the-Depths.svg,encounter_set,fhvc,The Feast of Hemlock Vale Campaign Expansion,the_thing_in_the_depths,The Thing in the Depths,exact,
Chapter 01/10 - The Feast of Hemlock Vale/FHVC-The-Twisted-Hollow.svg,encounter_set,fhvc,The Feast of Hemlock Vale Campaign Expansion,the_twisted_hollow,The Twisted Hollow,exact,
Chapter 01/10 - The Feast of Hemlock Vale/FHVC-The-Vale.svg,encounter_set,fhvc,The Feast of Hemlock Vale Campaign Expansion,the_vale,The Vale,exact,
Chapter 01/10 - The Feast of Hemlock Vale/FHVC-Transfiguration.svg,encounter_set,fhvc,The Feast of Hemlock Vale Campaign Expansion,transfiguration,Transfiguration,exact,
Chapter 01/10 - The Feast of Hemlock Vale/FHVC-Written-in-Rock.svg,encounter_set,fhvc,The Feast of Hemlock Vale Campaign Expansion,written_in_rock,Written in Rock,exact,
Chapter 01/10 - The Feast of Hemlock Vale/FHVP-Investigators.svg,box,fhvp,The Feast of Hemlock Vale Investigator Expansion,,,manual,
Chapter 01/11 - The Drowned City/TDCC-Alien-Machinery.svg,encounter_set,tdcc,The Drowned City Campaign Expansion,alien_machinery,Alien Machinery,exact,
Chapter 01/11 - The Drowned City/TDCC-Cosmic-Legacy.svg,encounter_set,tdcc,The Drowned City Campaign Expansion,cosmic_legacy,Cosmic Legacy,exact,
Chapter 01/11 - The Drowned City/TDCC-Court-of-the-Ancients.svg,encounter_set,tdcc,The Drowned City Campaign Expansion,court_of_the_ancients,Court of the Ancients,exact,
Chapter 01/11 - The Drowned City/TDCC-Deep-Ones.svg,encounter_set,tdcc,The Drowned City Campaign Expansion,deep_ones,Deep Ones,exact,
Chapter 01/11 - The Drowned City/TDCC-Domination.svg,encounter_set,tdcc,The Drowned City Campaign Expansion,domination,Domination,exact,
Chapter 01/11 - The Drowned City/TDCC-Dreams.svg,encounter_set,tdcc,The Drowned City Campaign Expansion,dreams,Dreams,exact,
Chapter 01/11 - The Drowned City/TDCC-Elder-Mist.svg,encounter_set,tdcc,The Drowned City Campaign Expansion,elder_mist,Elder Mist,exact,
Chapter 01/11 - The Drowned City/TDCC-Expansion.svg,box,tdcc,The Drowned City Campaign Expansion,,,manual,
Chapter 01/11 - The Drowned City/TDCC-Expedition.svg,encounter_set,tdcc,The Drowned City Campaign Expansion,tdc_expedition,Expedition,exact,
Chapter 01/11 - The Drowned City/TDCC-Flood.svg,encounter_set,tdcc,The Drowned City Campaign Expansion,tdc_flood,Flood,exact,
Chapter 01/11 - The Drowned City/TDCC-Obsidian-Canyons.svg,encounter_set,tdcc,The Drowned City Campaign Expansion,obsidian_canyons,Obsidian Canyons,exact,
Chapter 01/11 - The Drowned City/TDCC-One-Last-Job.svg,encounter_set,tdcc,The Drowned City Campaign Expansion,one_last_job,One Last Job,exact,
Chapter 01/11 - The Drowned City/TDCC-Pilgrims.svg,encounter_set,tdcc,The Drowned City Campaign Expansion,pilgrims,Pilgrims,exact,
Chapter 01/11 - The Drowned City/TDCC-R’lyeh.svg,encounter_set,tdcc,The Drowned City Campaign Expansion,rlyeh,R'lyeh,exact,
Chapter 01/11 - The Drowned City/TDCC-Sepulchre-of-the-Sleeper.svg,encounter_set,tdcc,The Drowned City Campaign Expansion,sepulchre_of_the_sleeper,Sepulchre of the Sleeper,exact,
Chapter 01/11 - The Drowned City/TDCC-Star-Spawn.svg,encounter_set,tdcc,The Drowned City Campaign Expansion,star_spawn,Star Spawn,exact,
Chapter 01/11 - The Drowned City/TDCC-Stowaways.svg,encounter_set,tdcc,The Drowned City Campaign Expansion,stowaways,Stowaways,exact,
Chapter 01/11 - The Drowned City/TDCC-Tasks.svg,encounter_set,tdcc,The Drowned City Campaign Expansion,tasks,Tasks,exact,
Chapter 01/11 - The Drowned City/TDCC-The-Apiary.svg,encounter_set,tdcc,The Drowned City Campaign Expansion,the_apiary,The Apiary,exact,
Chapter 01/11 - The Drowned City/TDCC-The-Doom-of-Arkham-Part-I.svg,encounter_set,tdcc,The Drowned City Campaign Expansion,the_doom_of_arkham_part_1,The Doom of Arkham Part I,exact,
Chapter 01/11 - The Drowned City/TDCC-The-Doom-of-Arkham-Part-II.svg,encounter_set,tdcc,The Drowned City Campaign Expansion,the_doom_of_arkham_part_2,The Doom of Arkham Part II,exact,
Chapter 01/11 - The Drowned City/TDCC-The-Drowned-Quarter.svg,encounter_set,tdcc,The Drowned City Campaign Expansion,the_drowned_quarter,The Drowned Quarter,exact,
Chapter 01/11 - The Drowned City/TDCC-The-Grand-Vault.svg,encounter_set,tdcc,The Drowned City Campaign Expansion,the_grand_vault,The Grand Vault,exact,
Chapter 01/11 - The Drowned City/TDCC-The-Inescapable.svg,encounter_set,tdcc,The Drowned City Campaign Expansion,the_inescapable,The Inescapable,exact,
Chapter 01/11 - The Drowned City/TDCC-The-Western-Wall.svg,encounter_set,tdcc,The Drowned City Campaign Expansion,the_western_wall,The Western Wall,exact,
Chapter 01/11 - The Drowned City/TDCC-Undersea-Creatures.svg,encounter_set,tdcc,The Drowned City Campaign Expansion,undersea_creatures,Undersea Creatures,exact,
Chapter 01/11 - The Drowned City/TDCP-Investigators.svg,box,tdcp,The Drowned City Investigator Expansion,,,manual,
Chapter 01/Investigators/Investigators Starter Decks/Harvey-Walters.svg,pack,har,Harvey Walters,,,exact,
Chapter 01/Investigators/Investigators Starter Decks/Jacqueline-Fine.svg,pack,jac,Jacqueline Fine,,,exact,
Chapter 01/Investigators/Investigators Starter Decks/Nathaniel-Cho.svg,pack,nat,Nathaniel Cho,,,exact,
Chapter 01/Investigators/Investigators Starter Decks/Stella-Clark.svg,pack,ste,Stella Clark,,,exact,
Chapter 01/Investigators/Investigators Starter Decks/Winifred-Habbamock.svg,pack,win,Winifred Habbamock,,,exact,
Chapter 01/Investigators/Parallel Investigators/All-or-Nothing.svg,pack,aon,All or Nothing,all_or_nothing,All or Nothing,exact,
Chapter 01/Investigators/Parallel Investigators/Bad-Blood.svg,pack,bad,Bad Blood,bad_blood,Bad Blood,exact,
Chapter 01/Investigators/Parallel Investigators/By-the-Book.svg,pack,btb,By the Book,by_the_book,By the Book,exact,
Chapter 01/Investigators/Parallel Investigators/Enthralling-Encore.svg,pack,enc,Enthralling Encore,enthralling_encore,Enthralling Encore,exact,
Chapter 01/Investigators/Parallel Investigators/Laid-to-Rest.svg,pack,ltr,Laid to Rest,laid_to_rest,Laid to Rest,exact,
Chapter 01/Investigators/Parallel Investigators/Promo.svg,box,promo,Promo,,,manual,
Chapter 01/Investigators/Parallel Investigators/Read-or-Die.svg,pack,rod,Read or Die,read_or_die,Read or Die,exact,
Chapter 01/Investigators/Parallel Investigators/Red-Tide-Rising.svg,pack,rtr,Red Tide Rising,red_tide_rising,Red Tide Rising,exact,
Chapter 01/Investigators/Parallel Investigators/Relics-from-the-Past.svg,pack,rop,Relics of the Past,relics_of_the_past,Relics of the Past,fuzzy,
Chapter 01/Scenarios/01 - Curse of the Rougarou/COTR-Curse-of-the-Rougarou.svg,encounter_set,cotr,Curse of the Rougarou,rougarou,Curse of the Rougarou,exact,
Chapter 01/Scenarios/01 - Curse of the Rougarou/COTR-Expansion.svg,box,cotr,Curse of the Rougarou,,,manual,
Chapter 01/Scenarios/01 - Curse of the Rougarou/COTR-The-Bayou.svg,encounter_set,cotr,Curse of the Rougarou,bayou,The Bayou,exact,
Chapter 01/Scenarios/02 - Carnevale of Horrors/COH-Carnevale-of-Horrors.svg,encounter_set,coh,Carnevale of Horrors,venice,Carnevale of Horrors,exact,
Chapter 01/Scenarios/02 - Carnevale of Horrors/COH-Expansion.svg,box,coh,Carnevale of Horrors,,,manual,
Chapter 01/Scenarios/03 - The Labyrinths of Lunacy/TLOL-Expansion.svg,box,lol,The Labyrinths of Lunacy,,,manual,
Chapter 01/Scenarios/03 - The Labyrinths of Lunacy/TLOL-The-Labyrinths-of-Lunacy.svg,pack,lol,The Labyrinths of Lunacy,in_the_labyrinths_of_lunacy,The Labyrinths of Lunacy,exact,
Chapter 01/Scenarios/04 - Guardians of the Abyss/GOTA-Abyssal-Gifts.svg,encounter_set,guardians,Guardians of the Abyss,abyssal_gifts,Abyssal Gifts,exact,
Chapter 01/Scenarios/04 - Guardians of the Abyss/GOTA-Abyssal-Tribute.svg,encounter_set,guardians,Guardians of the Abyss,abyssal_tribute,Abyssal Tribute,exact,
Chapter 01/Scenarios/04 - Guardians of the Abyss/GOTA-Brotherhood-of-the-Beast.svg,encounter_set,guardians,Guardians of the Abyss,brotherhood_of_the_beast,Brotherhood of the Beast,exact,
Chapter 01/Scenarios/04 - Guardians of the Abyss/GOTA-Expansion.svg,box,guardians,Guardians of the Abyss,,,manual,
Chapter 01/Scenarios/04 - Guardians of the Abyss/GOTA-Sands-of-Egypt.svg,encounter_set,guardians,Guardians of the Abyss,sands_of_egypt,Sands of Egypt,exact,
Chapter 01/Scenarios/04 - Guardians of the Abyss/GOTA-The-Eternal-Slumber.svg,encounter_set,guardians,Guardians of the Abyss,the_eternal_slumber,The Eternal Slumber,exact,
Chapter 01/Scenarios/04 - Guardians of the Abyss/GOTA-The-Night’s-Usurper.svg,encounter_set,guardians,Guardians of the Abyss,the_nights_usurper,The Night's Usurper,exact,
Chapter 01/Scenarios/05 - Murder at the Excelsior Hotel/MATEH-Alien-Interference.svg,encounter_set,hotel,Murder at the Excelsior Hotel,alien_interference,Alien Interference,exact,
Chapter 01/Scenarios/05 - Murder at the Excelsior Hotel/MATEH-Dark-Rituals.svg,encounter_set,hotel,Murder at the Excelsior Hotel,dark_rituals,Dark Rituals,exact,
Chapter 01/Scenarios/05 - Murder at the Excelsior Hotel/MATEH-Excelsior-Management.svg,encounter_set,hotel,Murder at the Excelsior Hotel,excelsior_management,Excelsior Management,exact,
Chapter 01/Scenarios/05 - Murder at the Excelsior Hotel/MATEH-Expansion.svg,box,hotel,Murder at the Excelsior Hotel,,,manual,
Chapter 01/Scenarios/05 - Murder at the Excelsior Hotel/MATEH-Murder-at-the-Excelsior-Hotel.svg,pack,hotel,Murder at the Excelsior Hotel,murder_at_the_excelsior_hotel,Murder at the Excelsior Hotel,exact,
Chapter 01/Scenarios/05 - Murder at the Excelsior Hotel/MATEH-Sins-of-the-Past.svg,encounter_set,hotel,Murder at the Excelsior Hotel,sins_of_the_past,Sins of the Past,exact,
Chapter 01/Scenarios/05 - Murder at the Excelsior Hotel/MATEH-Vile-Experiments.svg,encounter_set,hotel,Murder at the Excelsior Hotel,vile_experiments,Vile Experiments,exact,
Chapter 01/Scenarios/06 - The Blob that Ate Everything/TBTAE-Expansion.svg,box,blob,The Blob That Ate Everything,,,manual,
Chapter 01/Scenarios/06 - The Blob that Ate Everything/TBTAE-Mi-Go-Incursion.svg,encounter_set,blob,The Blob That Ate Everything,migo_incursion,Mi-Go Incursion,exact,
Chapter 01/Scenarios/06 - The Blob that Ate Everything/TBTAE-The-Blob-That-Ate-Everything.svg,pack,blob,The Blob That Ate Everything,blob,The Blob That Ate Everything,exact,
Chapter 01/Scenarios/07 - War of the Outer Worlds/WOTOG-Children-of-Paradise.svg,encounter_set,wog,War of the Outer Gods,children_of_paradise,Children of Paradise,exact,
Chapter 01/Scenarios/07 - War of the Outer Worlds/WOTOG-Death-of-Stars.svg,encounter_set,wog,War of the Outer Gods,death_of_stars,Death of Stars,exact,
Chapter 01/Scenarios/07 - War of the Outer Worlds/WOTOG-Expansion.svg,box,wog,War of the Outer Gods,,,manual,
Chapter 01/Scenarios/07 - War of the Outer Worlds/WOTOG-Swarm-of-Assimilation.svg,encounter_set,wog,War of the Outer Gods,swarm_of_assimilation,Swarm of Assimilation,exact,
Chapter 01/Scenarios/07 - War of the Outer Worlds/WOTOG-War-of-the-Outer-Gods.svg,pack,wog,War of the Outer Gods,war_of_the_outer_gods,War of the Outer Gods,exact,
Chapter 01/Scenarios/08 - The Meddling of Meowlathotep/TMOM-Expansion.svg,unmatched,,,,,none,product not in ArkhamDB yet
Chapter 01/Scenarios/08 - The Meddling of Meowlathotep/TMOM-The-Meddling-of-Meowlathotep.svg,unmatched,,,,,none,product not in ArkhamDB yet
Chapter 01/Scenarios/09 - Fortune and Folly/FAF-Expansion.svg,box,fof,Fortune and Folly,,,manual,
Chapter 01/Scenarios/09 - Fortune and Folly/FAF-Fortune-and-Folly.svg,pack,fof,Fortune and Folly,fortune_and_folly,Fortune and Folly,exact,
Chapter 01/Scenarios/09 - Fortune and Folly/FAF-Fortune’s-Chosen.svg,encounter_set,fof,Fortune and Folly,fortunes_chosen,Fortune's Chosen,exact,
Chapter 01/Scenarios/09 - Fortune and Folly/FAF-Plan-in-Shambles.svg,encounter_set,fof,Fortune and Folly,plan_in_shambles,Plan in Shambles,exact,
Chapter 01/Scenarios/09 - Machinations Through Time/MTT-Expansion.svg,box,mtt,Machinations Through Time,,,manual,
Chapter 01/Scenarios/09 - Machinations Through Time/MTT-Machinations-Through-Time.svg,pack,mtt,Machinations Through Time,machinations_through_time,Machinations Through Time,exact,
Chapter 01/Scenarios/11 - The Blob that ate everything else!/TBTAEE-Expansion.svg,box,blbe,The Blob That Ate Everything ELSE!,,,manual,
Chapter 01/Scenarios/11 - The Blob that ate everything else!/TBTAEE-Mi-Go-Incursion-II.svg,encounter_set,blbe,The Blob That Ate Everything ELSE!,migo_incursion_2,Mi-Go Incursion II,exact,
Chapter 01/Scenarios/11 - The Blob that ate everything else!/TBTAEE-he-Blob-That-Ate-Everything-Else.svg,pack,blbe,The Blob That Ate Everything ELSE!,blob_that_ate_everything_else,The Blob That Ate Everything Else,fuzzy,
Chapter 01/Scenarios/12 - The Midwinter Gala/TMWG-Expansion.svg,box,tmg,The Midwinter Gala,,,manual,
Chapter 01/Scenarios/13 - Film Fatale/FF-Abominable-Contessa.svg,encounter_set,film_fatale,Film Fatale,abominable_contessa,Abominable Contessa,exact,
Chapter 01/Scenarios/13 - Film Fatale/FF-Cosmic-Journey.svg,encounter_set,film_fatale,Film Fatale,cosmic_journey,Cosmic Journey,exact,
Chapter 01/Scenarios/13 - Film Fatale/FF-Expansion.svg,box,film_fatale,Film Fatale,,,manual,
Chapter 01/Scenarios/13 - Film Fatale/FF-Film-Fatale.svg,pack,film_fatale,Film Fatale,film_fatale,Film Fatale,exact,
Chapter 01/Scenarios/13 - Film Fatale/FF-Forgotten-Island.svg,encounter_set,film_fatale,Film Fatale,forgotten_island,Forgotten Island,exact,
Chapter 02/200 - Core 2026/Core 2026.svg,box,core_2026,Core Set (2026),,,manual,
Chapter 02/201 - Brethren of Ash/BOA-Arcane-Lock.svg,encounter_set,core_2026,Core Set (2026),arcane_lock,Arcane Lock,exact,
Chapter 02/201 - Brethren of Ash/BOA-Arkham.svg,encounter_set,core_2026,Core Set (2026),arkham_ch2,Arkham,exact,
Chapter 02/201 - Brethren of Ash/BOA-Ashen-Pilgrims.svg,encounter_set,core_2026,Core Set (2026),ashen_pilgrims,Ashen Pilgrims,exact,
Chapter 02/201 - Brethren of Ash/BOA-Bad-Weather.svg,encounter_set,core_2026,Core Set (2026),bad_weather,Bad Weather,exact,
Chapter 02/201 - Brethren of Ash/BOA-Bystanders.svg,encounter_set,core_2026,Core Set (2026),bystanders,Bystanders,exact,
Chapter 02/201 - Brethren of Ash/BOA-Cosmic-Evils.svg,encounter_set,core_2026,Core Set (2026),cosmic_evils,Cosmic Evils,exact,
Chapter 02/201 - Brethren of Ash/BOA-Cultists.svg,encounter_set,core_2026,Core Set (2026),cultists_ch2,Cultists,exact,
Chapter 02/201 - Brethren of Ash/BOA-Dead-Ends.svg,encounter_set,core_2026,Core Set (2026),dead_ends,Dead Ends,exact,
Chapter 02/201 - Brethren of Ash/BOA-Eldritch-Lore.svg,encounter_set,core_2026,Core Set (2026),eldritch_lore,Eldritch Lore,exact,
Chapter 02/201 - Brethren of Ash/BOA-Fire!.svg,encounter_set,core_2026,Core Set (2026),fire_ch2,Fire!,exact,
Chapter 02/201 - Brethren of Ash/BOA-Flying-Terrors.svg,encounter_set,core_2026,Core Set (2026),flying_terrors,Flying Terrors,exact,
Chapter 02/201 - Brethren of Ash/BOA-Gangs-of-Arkham.svg,encounter_set,core_2026,Core Set (2026),gangs_of_arkham,Gangs of Arkham,exact,
Chapter 02/201 - Brethren of Ash/BOA-Hallucinations.svg,encounter_set,core_2026,Core Set (2026),hallucinations,Hallucinations,exact,
Chapter 02/201 - Brethren of Ash/BOA-Mad-Science.svg,encounter_set,core_2026,Core Set (2026),mad_science,Mad Science,exact,
Chapter 02/201 - Brethren of Ash/BOA-Miskatonic-University.svg,encounter_set,core_2026,Core Set (2026),miskatonic_university,Miskatonic University,exact,
Chapter 02/201 - Brethren of Ash/BOA-People-of-Arkham.svg,encounter_set,core_2026,Core Set (2026),people_of_arkham,People of Arkham,exact,
Chapter 02/201 - Brethren of Ash/BOA-Queen-of-Ash.svg,encounter_set,core_2026,Core Set (2026),queen_of_ash,Queen of Ash,exact,
Chapter 02/201 - Brethren of Ash/BOA-Reeking-Decay.svg,encounter_set,core_2026,Core Set (2026),reeking_decay,Reeking Decay,exact,
Chapter 02/201 - Brethren of Ash/BOA-Sewers.svg,encounter_set,core_2026,Core Set (2026),arkham_sewers,Sewers,exact,
Chapter 02/201 - Brethren of Ash/BOA-Smoke-and-Mirrors.svg,encounter_set,core_2026,Core Set (2026),smoke_and_mirrors,Smoke and Mirrors,exact,
Chapter 02/201 - Brethren of Ash/BOA-Spreading-Flames.svg,encounter_set,core_2026,Core Set (2026),spreading_flames,Spreading Flames,exact,
Chapter 02/201 - Brethren of Ash/BOA-Torment.svg,encounter_set,core_2026,Core Set (2026),torment,Torment,exact,
Chapter 02/201 - Brethren of Ash/BOA-Whippoorwills.svg,encounter_set,core_2026,Core Set (2026),whippoorwills_ch2,Whippoorwills,exact,
Chapter 02/202 - Investigator Decks/André-Patel.svg,pack,and,André Patel,,,exact,
Chapter 02/202 - Investigator Decks/Carolyn-Fern.svg,pack,car,Carolyn Fern,,,exact,
Chapter 02/202 - Investigator Decks/Marie-Lambeau.svg,pack,mar,Marie Lambeau,,,exact,
Chapter 02/202 - Investigator Decks/Miguel-de-la-Cruz.svg,pack,mig,Miguel de la Cruz,,,exact,
Chapter 02/202 - Investigator Decks/Tommy-Muldoon.svg,pack,tom,Tommy Muldoon,,,exact,
Chapter 02/203 - Children of Blood/COB-Afflicted.svg,unmatched,,,,,none,product not in ArkhamDB yet
Chapter 02/203 - Children of Blood/COB-Agents-of-Zburamoarte.svg,unmatched,,,,,none,product not in ArkhamDB yet
Chapter 02/203 - Children of Blood/COB-Blood-Blight.svg,unmatched,,,,,none,product not in ArkhamDB yet
Chapter 02/203 - Children of Blood/COB-Blood-Money.svg,unmatched,,,,,none,product not in ArkhamDB yet
Chapter 02/203 - Children of Blood/COB-Blood-Moon.svg,unmatched,,,,,none,product not in ArkhamDB yet
Chapter 02/203 - Children of Blood/COB-Bloodthirst.svg,unmatched,,,,,none,product not in ArkhamDB yet
Chapter 02/203 - Children of Blood/COB-Campaign.svg,unmatched,,,,,none,product not in ArkhamDB yet
Chapter 02/203 - Children of Blood/COB-Children-of-Blood.svg,unmatched,,,,,none,product not in ArkhamDB yet
Chapter 02/203 - Children of Blood/COB-Friends-in-Low-Places.svg,unmatched,,,,,none,product not in ArkhamDB yet
Chapter 02/203 - Children of Blood/COB-Hunted.svg,unmatched,,,,,none,product not in ArkhamDB yet
Chapter 02/203 - Children of Blood/COB-Infected.svg,unmatched,,,,,none,product not in ArkhamDB yet
Chapter 02/203 - Children of Blood/COB-Misinformation.svg,unmatched,,,,,none,product not in ArkhamDB yet
Chapter 02/203 - Children of Blood/COB-Mongrels.svg,unmatched,,,,,none,product not in ArkhamDB yet
Chapter 02/203 - Children of Blood/COB-New-Horizons.svg,unmatched,,,,,none,product not in ArkhamDB yet
Chapter 02/203 - Children of Blood/COB-Preyed-Upon.svg,unmatched,,,,,none,product not in ArkhamDB yet
Chapter 02/203 - Children of Blood/COB-River-of-Blood.svg,unmatched,,,,,none,product not in ArkhamDB yet
Chapter 02/203 - Children of Blood/COB-Sanguine-Secrets.svg,unmatched,,,,,none,product not in ArkhamDB yet
Chapter 02/203 - Children of Blood/COB-Stalked.svg,unmatched,,,,,none,product not in ArkhamDB yet
Chapter 02/203 - Children of Blood/COB-Vermin.svg,unmatched,,,,,none,product not in ArkhamDB yet
